[
  {
    "guildId": "1381524569118212157",
    "channelId": "1404496916053622937",
    "messageId": "1404837461368115353",
    "roles": [
      {
        "roleId": "1404449770159866046",
        "emoji": "❤"
      }
    ]
  },
  {
    "guildId": "1381524569118212157",
    "channelId": "1403317833185628261",
    "messageId": "1404885919680696441",
    "roles": [
      {
        "roleId": "1404449728338329672",
        "emoji": "⚒️"
      },
      {
        "roleId": "1404449638790201365",
        "emoji": "🔔"
      },
      {
        "roleId": "1384173825297616958",
        "emoji": "📁"
      },
      {
        "roleId": "1404449770159866046",
        "emoji": "📢"
      }
    ]
  }
]